{
  "train_losses": [
    0.040412178606735155,
    0.00473525546812497,
    0.0035057187165184237,
    0.003017967447085074,
    0.002598902895323599,
    0.0023381843680914598,
    0.0023259501405857716,
    0.002044971418989519,
    0.0019271490498841666,
    0.0017751412765203288,
    0.0018195016558814688,
    0.0017321741029161948,
    0.0016442710952535749,
    0.0015913659205344824,
    0.0015892346412651598,
    0.001685913770084683,
    0.0015803476551565498,
    0.0014539541291316953,
    0.0014843989573508358,
    0.0014029184126476653,
    0.0013904020319671963,
    0.0013811792025324732,
    0.0013773433463171885,
    0.0013393765663543638,
    0.0013692964235850322,
    0.0013474056833072568,
    0.0013471810591999239,
    0.0013437449263361172,
    0.0012771243230624203,
    0.001268791096372762,
    0.0012540506688467326,
    0.0012567033366368602,
    0.001247567195704165,
    0.0012258414349060494,
    0.001222368563895825,
    0.0012168524771580657,
    0.0012033829272474748,
    0.0012017663799973126,
    0.0011840392945158763,
    0.0011783321347153082,
    0.0011697308414767439,
    0.0011631032119478327,
    0.0011609655556852182,
    0.0011575434227866796,
    0.0011517588769237453,
    0.0011512743518910945,
    0.0011495674280419994,
    0.0011429391325653766,
    0.0011444926967088597,
    0.001144147144047359
  ],
  "val_losses": [
    0.005790032527690369,
    0.004000898225173828,
    0.0030751859894879753,
    0.003544400091327372,
    0.0028393680399786386,
    0.0024798342085901705,
    0.0021664859460932867,
    0.0017978425714231673,
    0.0018593252706711018,
    0.0015849083373766569,
    0.001864725010587819,
    0.0016263529015261504,
    0.001634538983039203,
    0.0015552453622813263,
    0.002315653713479165,
    0.0018785249419687759,
    0.001392329181914055,
    0.0017732625405880668,
    0.0015092516125785925,
    0.0012870567383259416,
    0.0013115449424182613,
    0.001575318998509338,
    0.0013477214249885744,
    0.0012741441799638171,
    0.0012618405116160238,
    0.0012968979491334823,
    0.0012948582603019617,
    0.0012683740573092585,
    0.001227617541897214,
    0.0012110051946596257,
    0.0012853885575803735,
    0.0012116717093343299,
    0.0011957547422276722,
    0.0012262403828254532,
    0.0011673862777931232,
    0.0011577974221417828,
    0.0011828250421713742,
    0.001245924428711453,
    0.0011622456164794071,
    0.001135139217940233,
    0.0011311427252145396,
    0.001130282066740273,
    0.001126830460548046,
    0.0011474030121924384,
    0.0011277560630650629,
    0.001138625638781204,
    0.0011166702403450413,
    0.0011207382397962705,
    0.0011239538767508098,
    0.001117548588404639
  ]
}